jobkey,train-ll,valid-ll,test-ll,train-pll,valid-pll,test-pll,train-imperr,valid-imperr,test-imperr,train-bl90,valid-bl90,test-bl90,train-imperr-serr,valid-imperr-serr,test-imperr-serr,train-bl90-serr,valid-bl90-serr,test-bl90-serr,archtype,condInferFunc,datakey,inferFunc,lambdaEdge,lambdaNode,lbpMaxIter,nHidStates,usePseudo
try8_1,-120.66096542263597,-128.99276975588177,-129.35263976708922,-115.948601594647,-131.5861303867392,-132.02931728103084,0.4656725616804907,0.5014060755879407,0.5034910783553155,2.1504122677600925,1.890944106698858,1.8749533086228174,0.0010758703349704416,0.0020232875101229932,0.00195312878440616,0.015786115356142161,0.016693733240256296,0.016718360306622836,l1123vis,mf,PF00595,mf,1,0.1,1000,2,1
try8_0,-99.9401022922203,-114.87791088627313,-113.86542235451914,-90.42232815212203,-117.39211491766932,-116.62499023921215,0.42054688275028584,0.5014952841039801,0.4951848400124275,2.664642010046625,2.0801093384213605,2.1127004065534845,0.0021983450737246739,0.00433742478900178,0.0044246093807893709,0.01804708527321738,0.020254148216938994,0.020780574435159037,l1123vis,mf,PF00240,mf,1,0.1,1000,2,1
