jobkey,train-ll,valid-ll,test-ll,train-pll,valid-pll,test-pll,train-imperr,valid-imperr,test-imperr,archtype,condInferFunc,datakey,inferFunc,lambdaEdge,lambdaNode,lbpMaxIter,nHidStates,usePseudo
try8_1,-120.66096542263597,-128.99276975588177,-129.35263976708922,-115.948601594647,-131.5861303867392,-132.02931728103084,0.4656725616804941,0.5014060755879408,0.5034910783553141,l1123vis,mf,PF00595,mf,1,0.1,1000,2,1
try8_0,-99.9401022922203,-114.87791088627313,-113.86542235451914,-90.42232815212203,-117.39211491766932,-116.62499023921215,0.42054688275028634,0.5014952841039798,0.49518484001242624,l1123vis,mf,PF00240,mf,1,0.1,1000,2,1
